{"cameraMode":{"drawMode":0,"name":"Shaded","section":"Shading Mode"},"sceneLighting":true,"audioPlay":false,"sceneViewState":{"m_AlwaysRefresh":false,"showFog":true,"showSkybox":true,"showFlares":true,"showImageEffects":true,"showParticleSystems":true,"showVisualEffectGraphs":true,"m_FxEnabled":true},"in2DMode":false,"pivot":{"x":4.998325347900391,"y":-21.805801391601564,"z":43.24720764160156},"rotation":{"x":-0.22222588956356049,"y":-0.10012520104646683,"z":0.022953394800424577,"w":-0.9695709347724915},"size":41.781375885009769,"orthographic":false}